"full_name","html_url","homepage","candidate_demo","description","language","topics","license","stars","default_branch","pushed_at"
"pixijs/pixijs","https://github.com/pixijs/pixijs","http://pixijs.com","http://pixijs.com","The HTML5 Creation Engine: Create beautiful digital content with the fastest, most flexible 2D WebGL renderer.","TypeScript","canvas;canvas2d;data-visualization;game;glsl;javascript;pixi;pixijs;renderer;rendering;rendering-2d-graphics;rendering-engine;webgl","MIT","46052","dev","2025/11/14 15:47:28"
"libgdx/libgdx","https://github.com/libgdx/libgdx","http://www.libgdx.com/","http://www.libgdx.com/","Desktop/Android/HTML5/iOS Java game development framework","Java","2d;3d;android;cross-platform;framework;game;game-development;game-engine;gamedev;html5;ios;java;libgdx;linux;macosx;windows","Apache-2.0","24518","master","2025/11/12 23:05:51"
"4ian/GDevelop","https://github.com/4ian/GDevelop","https://gdevelop.io","https://gdevelop.io","üéÆ Open-source, cross-platform 2D/3D/multiplayer game engine designed for everyone.","JavaScript","2d-game;2d-game-engine;3d;3d-game;3d-game-engine;game;game-development;game-engine;gamedev;gamemaker;gdevelop;hacktoberfest;html5;html5-game-engine;javascript;multiplayer;no-code;open-source;vibe-coding","NOASSERTION","17725","master","2025/11/15 15:29:04"
"kitao/pyxel","https://github.com/kitao/pyxel","","https://kitao.github.io/pyxel","A retro game engine for Python","Rust","game;game-development;game-engine;gamedev;graphics;html;opengl;pico-8;pixel-art;python;pyxel;rust;tic-80;webgl","NOASSERTION","16778","main","2025/11/15 14:11:38"
"melonjs/melonJS","https://github.com/melonjs/melonJS","https://melonjs.org","https://melonjs.org","a fresh, modern & lightweight HTML5 game engine","JavaScript","2d-game-engine;canvas2d;contributions-welcome;es6;game-development;game-engine;gamedev;hacktoberfest;html5;html5-canvas;javascript;melonjs;tiled;typescript;web3;webaudio;webgl;webgl2","MIT","6183","master","2025/7/1 0:09:24"
"hiloteam/Hilo","https://github.com/hiloteam/Hilo","https://hiloteam.github.io/","https://hiloteam.github.io/","A Cross-end HTML5 Game development solution","JavaScript","canvas;game;hilo;webgl","MIT","5945","dev","2025/10/20 3:25:49"
"mosra/magnum","https://github.com/mosra/magnum","https://magnum.graphics/","https://magnum.graphics/","Lightweight and modular C++11 graphics middleware for games and data visualization","C++","3d;android;c-plus-plus;c-plus-plus-11;cmake;emscripten;game;game-engine;gamedev;glfw;graphics;graphics-engine;ios;magnum;opengl;sdl;spir-v;vulkan;webassembly;webgl","NOASSERTION","5057","master","2025/10/26 17:56:58"
"nicholas-ochoa/OpenSC2K","https://github.com/nicholas-ochoa/OpenSC2K","","https://nicholas-ochoa.github.io/OpenSC2K","OpenSC2K - An Open Source remake of Sim City 2000 by Maxis","JavaScript","2000;city;electron;game;javascript;maxis;opensc2k;phaser;phaser-game;phaser3;phaserjs;remake;sc2k;sim;simcity;simcity-2000;typescript;webgl","GPL-3.0","5038","master","2020/1/27 3:38:22"
"KilledByAPixel/LittleJS","https://github.com/KilledByAPixel/LittleJS","","https://KilledByAPixel.github.io/LittleJS","Tiny fast HTML5 game engine with many features and no dependencies. üöÇ Choo-Choo!","JavaScript","2d;box2d;game-dev;game-engine;game-frameworks;html5;html5-game;javascript;js13k;physics-engine","NOASSERTION","3916","main","2025/11/15 14:55:55"
"deck-of-cards/deck-of-cards","https://github.com/deck-of-cards/deck-of-cards","https://deck.of.cards/old","https://deck.of.cards/old","Deck of Cards (old version)","JavaScript","card;css;deck;game;html5;javascript;playing-cards","NOASSERTION","3139","master","2025/6/7 21:00:19"
"MaxBittker/sandspiel","https://github.com/MaxBittker/sandspiel","https://sandspiel.club","https://sandspiel.club","Creative cellular automata browser game ","Rust","game;rust;wasm;webassembly;webgl","MIT","3077","master","2025/10/21 17:23:01"
"piqnt/stage.js","https://github.com/piqnt/stage.js","http://piqnt.com/stage.js/","http://piqnt.com/stage.js/","2D HTML5 rendering and layout engine for game development","TypeScript","game;game-2d;html5;html5-game-development;javascript","NOASSERTION","2526","main","2025/4/3 17:08:15"
"phoboslab/Impact","https://github.com/phoboslab/Impact",,"https://phoboslab.github.io/Impact","HTML5 Game Engine","JavaScript","","MIT","2071","master","2024/11/7 13:23:50"
"phaserjs/phaser-ce-examples","https://github.com/phaserjs/phaser-ce-examples","http://phaser.io/examples","http://phaser.io/examples","Contains hundreds of source code examples and related media for the Phaser HTML5 Game Framework.","JavaScript","canvas;html5-game;javascript;particles;phaser;physics;webgl","","1783","master","2024/12/27 18:01:18"
"iamkun/tower_game","https://github.com/iamkun/tower_game","https://iamkun.github.io/tower_game/","https://iamkun.github.io/tower_game/","üíí HTML5 Canvas Tower Building Game üè¢üè¨üè¶üèØüè∞","JavaScript","canvas;game;html5;javascript","MIT","1574","master","2025/8/29 9:43:42"
"gamelab/kiwi.js","https://github.com/gamelab/kiwi.js","www.kiwijs.org","www.kiwijs.org","Kiwi.js is a blazingly fast mobile & desktop browser based HTML5 game framework. It uses CocoonJS for publishing to the AppStore.","JavaScript","","MIT","1446","master","2022/12/31 7:47:52"
"cykod/Quintus","https://github.com/cykod/Quintus","http://html5quintus.com","http://html5quintus.com","HTML5 Game Engine","JavaScript","","GPL-2.0","1416","master","2024/1/14 6:58:16"
"renzorlive/vimmaster","https://github.com/renzorlive/vimmaster","https://vim-master.com","https://vim-master.com","VIM Master: in-browser game that teaches core Vim motions and editing commands through short, focused levels. ","JavaScript","coding;education;game;indie-game;vim","MIT","1405","main","2025/9/2 18:11:17"
"digitalfruit/limejs","https://github.com/digitalfruit/limejs","http://www.limejs.com","http://www.limejs.com","HTML5 game framework for web and iOS","JavaScript","","Apache-2.0","1391","master","2018/1/13 23:52:20"
"Metroxe/one-html-page-challenge","https://github.com/Metroxe/one-html-page-challenge","https://onehtmlpagechallenge.com","https://onehtmlpagechallenge.com","Can you create something cool without modern tools?","HTML","canvas;challenge;chrome;coding-challenge;css;es6;game;github-pages;html;html-css;html5;html5-canvas;html5-game;javascript;javascript-challenges;oldschool;open-source;retro;webdesign;webdevelopment","","1265","master","2025/10/6 18:22:51"
"EvanBacon/Expo-Crossy-Road","https://github.com/EvanBacon/Expo-Crossy-Road","https://crossyroad.expo.app","https://crossyroad.expo.app","üê•üöô Crossy Road game clone made in Expo (iOS, Android, web), THREE.js, Tween, React Native. üêî","TypeScript","android;clone;cross-platform;crossy-road;expo;game;ios;javascript;opengl;react-native;react-navigation;reactjs;threejs;tween;webgl","MIT","1097","master","2025/1/14 18:08:09"
"avgjs/avg-core","https://github.com/avgjs/avg-core","https://avgjs.org","https://avgjs.org","A Future-oriented Adventure Game Framework based on React & Pixi.js. Docs: https://avgjs.github.io/docs/","JavaScript","adventure-game-engine;avg;galgame;game;game-development;game-engine;game-frameworks;gamemaker;react;visual-novel;visual-novel-engine;webgl","Apache-2.0","866","dev","2020/6/12 16:16:55"
"ekelokorpi/panda-engine","https://github.com/ekelokorpi/panda-engine","https://www.panda2.io","https://www.panda2.io","Panda Engine - HTML5 Game Engine","JavaScript","","","759","master","2020/7/25 14:21:44"
"cping/LGame","https://github.com/cping/LGame","","https://cping.github.io/LGame","A cross-platform Java game Engine (Framework) , support JavaFX / Android / IOS / HTML5 / Linux / MAC / Windows","Java","2d;android;dev;framework;game;game-engine;html5;ios;java;jfx;mobile;multiplatform;web","Apache-2.0","695","master","2025/11/15 11:43:35"
"deepnight/gameBase","https://github.com/deepnight/gameBase","https://deepnight.net","https://deepnight.net","Base structure for my games, using Heaps framework and Haxe language.","Haxe","game;haxe;heaps;webgl","MIT","664","master","2025/10/2 8:59:13"
"LambdaHack/LambdaHack","https://github.com/LambdaHack/LambdaHack","https://lambdahack.github.io","https://lambdahack.github.io","Haskell game engine library for roguelike dungeon crawlers; please offer feedback, e.g., after trying out the sample game with the web frontend at","Haskell","ascii;browsergame;engine;freesoftware;game;gamedev;haskell;html5;indiedev;library;pcg;replayability;roguelike;sdl;squad;tactical;turnbased","BSD-3-Clause","655","master","2024/3/18 7:37:59"
"Kaetram/Kaetram-Open","https://github.com/Kaetram/Kaetram-Open","https://kaetram.com","https://kaetram.com","Kaetram is an open-source 2D HTML5 MMORPG. It is an extended version of BrowserQuest (BQ).","TypeScript","2d;2d-game;browserquest;demo;game;game-2d;game-development;game-engine;game-server;gamedev;html5;html5-canvas;html5-game;mmo;multiplayer;open-source;rendering-engine;taptapadventure;tileset;tilesheet","MPL-2.0","633","develop","2024/1/23 20:35:27"
"MattSurabian/DuckHunt-JS","https://github.com/MattSurabian/DuckHunt-JS","https://duckhuntjs.com","https://duckhuntjs.com","DuckHunt ported to JS and HTML5","JavaScript","audio;canvas;duck-hunt;game;gsap;javascript;pixijs;tweening;webgl","MIT","616","master","2022/12/10 16:26:12"
"MirageNet/Mirage","https://github.com/MirageNet/Mirage","https://miragenet.github.io/Mirage/","https://miragenet.github.io/Mirage/","Easy to use high performance Network library for Unity 3d","C#","csharp;game;hlapi;mirror;mirror-networking;mmo;mmorpg;multiplayer;multiplayer-game;networking;networktransport;udp;unet;unity;unity-multiplayer;unity-networking;unity3d;webgl","MIT","561","main","2025/11/13 14:25:51"
"scallyw4g/bonsai","https://github.com/scallyw4g/bonsai","","https://scallyw4g.github.io/bonsai","The procedural generation voxel engine","C","engine;game;game-engine;gameengi;gameengine;gles3;graphics;multithreading;opengl;opengl-es;procedural-generation;voxel;voxel-editor;voxel-engine;voxel-game;voxel-game-engine;voxel-terrain;webgl","WTFPL","521","master","2025/11/15 16:32:03"
"quark-dev-team/quarkjs","https://github.com/quark-dev-team/quarkjs","quarkjs.com","quarkjs.com","An HTML5 Game Framework","JavaScript","","MIT","520","master","2014/5/7 13:12:41"
"Priler/dino3d","https://github.com/Priler/dino3d","http://priler.github.io/dino3d","http://priler.github.io/dino3d","ü¶ñ Google Chrome T-Rex Run! in 3D (WebGL experiment)","JavaScript","game;gamedev;indiedev;javascript;threejs;voxel;webgl","GPL-3.0","503","master","2024/8/21 10:18:29"
"PhaserEditor2D/PhaserEditor2D-v3","https://github.com/PhaserEditor2D/PhaserEditor2D-v3","https://phasereditor2d.com","https://phasereditor2d.com","A web-based IDE for HTML5 game development. Powered by Phaser.","JavaScript","browser-game;html5;ide;phaser;phaser-editor;typescript;videogames","MIT","477","master","2024/4/25 23:42:56"
"tlhunter/Cobalt-Calibur-3","https://github.com/tlhunter/Cobalt-Calibur-3","http://cobaltcalibur.net","http://cobaltcalibur.net","DEFUNCT: HTML5 and Node.js multiplayer browser game from 2013","JavaScript","nodejs","BSD-2-Clause","470","master","2019/8/8 5:12:11"
"SoftbearStudios/mk48","https://github.com/SoftbearStudios/mk48","https://mk48.io","https://mk48.io","Mk48.io ship combat game (repository commits may lag behind game updates)","Rust","boat;browser-game;combat;game;game-server;multiplayer;rust;rust-lang;ship;web-game;webassembly;webgl;webgl-game;yew;yew-framework","AGPL-3.0","405","main","2025/8/11 0:39:56"
"Megabyteceer/thing-editor","https://github.com/Megabyteceer/thing-editor","","https://Megabyteceer.github.io/thing-editor","pixi.js based visual game editor","TypeScript","2d-game;editor;game;game-engine;gamedev;games;html5-game-development;javascript;pixi-js;pixijs;typescript;unity-analogue;webgl","MIT","391","master","2025/11/15 10:41:41"
"Jerenaux/phaserquest","https://github.com/Jerenaux/phaserquest","http://www.dynetisgames.com/2017/03/18/phaser-quest/","http://www.dynetisgames.com/2017/03/18/phaser-quest/","Reproduction of Mozilla's BrowserQuest using Phaser, socket.io and Node.js","JavaScript","browserquest;game;html5;nodejs;online-game;phaser;socket-io","MIT","382","master","2022/7/23 15:49:07"
"littlektframework/littlekt","https://github.com/littlektframework/littlekt","https://littlekt.com","https://littlekt.com","A multiplatform WebGPU 2D game framework written in Kotlin. Build your own game engine on top.","Kotlin","2d;2d-game-framework;android;desktop;framework;game;game-engine;game-framework;gamedev;html5;ios;kotlin;kotlin-multiplatform;linux;macos;mobile;multiplatform;opengl;webgpu;windows","Apache-2.0","374","master","2025/8/27 20:39:19"
"Arcticjs/Arctic.js","https://github.com/Arcticjs/Arctic.js","http://arcticjs.com","http://arcticjs.com","HTML5 game framework","JavaScript","","MIT","373","master","2014/11/26 1:43:07"
"TomMalbran/games","https://github.com/TomMalbran/games","http://tommalbran.github.io/games/","http://tommalbran.github.io/games/","A collection of HTML5 Game","JavaScript","game;html;javascript","MIT","358","gh-pages","2024/2/19 1:27:43"
"abstrakt8/rewind","https://github.com/abstrakt8/rewind","","https://abstrakt8.github.io/rewind","A beatmap/replay analyzer for the rhythm game called osu!","TypeScript","game;osu;pixijs;react;webgl","MIT","340","master","2025/2/22 16:42:07"
"axaq/traviso.js","https://github.com/axaq/traviso.js","","https://axaq.github.io/traviso.js","Traviso is an open source JS engine that makes it easy to build isometric applications that run in a web browser.","TypeScript","canvas;game;game-development;isometric;javascript;pixijs;webgl","MIT","324","master","2023/2/18 19:56:02"
"blaze33/droneWorld","https://github.com/blaze33/droneWorld","https://lab.openbloc.fr/droneWorld","https://lab.openbloc.fr/droneWorld","droneWorld: a 3D world map and a three.js playground","JavaScript","game;javascript;map;terrain-rendering;threejs;webgl","MIT","321","master","2023/1/6 1:49:23"
"henshmi/Classic-Pool-Game","https://github.com/henshmi/Classic-Pool-Game","https://henshmi.github.io/Classic-Pool-Game/","https://henshmi.github.io/Classic-Pool-Game/","Classic 8 Ball pool game written in JavaScript","JavaScript","2d-game;ai;balls;billiard;canvas-game;canvas2d;collision-detection;collision-handling;game;game-loop;genetic-algorithm;html5;html5-canvas;javascript;javascript-game;physics;physics-2d;pool;scoreboard;snooker","MIT","281","master","2020/2/7 8:51:22"
"LBALab/lba2remake","https://github.com/LBALab/lba2remake","","https://LBALab.github.io/lba2remake","A Little Big Adventure 2 / Twinsen's Odyssey reimplementation in JavaScript / Three.js / React","TypeScript","3d;game;game-engine;gamedev;javascript;react;reimplementation;threejs;webgl","MIT","276","master","2025/7/6 16:37:42"
"jjant/runty8","https://github.com/jjant/runty8","","https://jjant.github.io/runty8","A Pico8 clone in Rust.","Rust","fantasy-console;game;game-development;pico8;pixel-perfect;rust;webassembly;webgl;webgl2","MIT","244","master","2024/6/4 17:53:38"
"AllureOfTheStars/Allure","https://github.com/AllureOfTheStars/Allure","http://allureofthestars.com","http://allureofthestars.com","Allure of the Stars is a near-future Sci-Fi roguelike and tactical squad combat game written in Haskell; please offer feedback, e.g., after trying out the web frontend version at","Haskell","ascii;browsergame;freesoftware;game;haskell;html5;lambdahack;pcg;replayability;roguelike;sdl;squad;tactical;turnbased","AGPL-3.0","226","master","2023/11/17 13:43:38"
"martindrapeau/backbone-game-engine","https://github.com/martindrapeau/backbone-game-engine",,"https://martindrapeau.github.io/backbone-game-engine","HTML5 Game Engine using Backbone.","JavaScript","","MIT","215","gh-pages","2016/6/1 10:41:24"
"JohansenJunias20/portofolio","https://github.com/JohansenJunias20/portofolio","https://JohansenJunias20.github.io","https://JohansenJunias20.github.io","my 3D multiplayer portfolio P2P website using Three.js  and WebRTC","TypeScript","3d;3d-website;blender;game;game-development;game-website;metaverse;multiplayer;opengl;p2p;peer-to-peer;peerjs;portfolio;portfolio-website;portofolio;shaders;threejs;web;webgl;webrtc","","199","master","2023/3/14 19:28:55"
"haxegon/haxegon","https://github.com/haxegon/haxegon","http://www.haxegon.com","http://www.haxegon.com","A haxe programming library for beginners. Powered by OpenFL and Starling.","Haxe","framework;game;haxe;html5;linux;mac;openfl;starling;windows","MIT","194","master","2022/10/12 18:49:02"
"uralozden/flappy-bird","https://github.com/uralozden/flappy-bird",,"https://uralozden.github.io/flappy-bird","Flappy Bird Browser Game Phaser framework","JavaScript","","","193","master","2021/6/25 8:46:09"
"takahirox/toho-like-js","https://github.com/takahirox/toho-like-js","http://takahirox.github.io/toho-like-js/index.html","http://takahirox.github.io/toho-like-js/index.html","Touhou style danmaku shooter game which runs on your chrome.","JavaScript","game;javascript;touhou;webgl;webrtc;websocket","","191","master","2017/6/13 3:04:12"
"EvanBacon/Expo-Voxel","https://github.com/EvanBacon/Expo-Voxel","","https://EvanBacon.github.io/Expo-Voxel","üéÆüå≥ Voxel Terrain made in React Native. ‚àõ","JavaScript","android;bootstrap;cross-platform;es6;expo;game;game-development;game-engine;ios;javascript;minecraft;minecraft-pocket-edition;native;react-native;reactjs;threejs;visualization;voxel;voxel-engine;webgl","","189","master","2020/6/10 21:32:54"
"RoganMurley/hitagi.js","https://github.com/RoganMurley/hitagi.js","","https://RoganMurley.github.io/hitagi.js","JavaScript HTML5 game development framework","JavaScript","game-development;game-framework;javascript","MIT","182","master","2023/1/6 5:00:16"
"adamsol/ThreeStudio","https://github.com/adamsol/ThreeStudio","","https://adamsol.github.io/ThreeStudio","3D game editor based on Three.js and Electron.","JavaScript","3d;3d-game-editor;ammojs;coffeescript;editor;electron;game;javascript;rapydscript;threejs;webgl","GPL-3.0","181","master","2022/9/18 13:07:34"
"cykod/AlienInvasion","https://github.com/cykod/AlienInvasion","cykod.github.com/AlienInvasion/","cykod.github.com/AlienInvasion/","Demo Game for Mobile HTML5 Game Development","JavaScript","","GPL-2.0","181","master","2019/10/7 20:36:03"
"luciopanepinto/pacman","https://github.com/luciopanepinto/pacman","https://pacman-e281c.firebaseapp.com/","https://pacman-e281c.firebaseapp.com/","Pac-Man game written in HTML5 + CSS3 + jQuery with Canvas. This WebApp is a Responsive Web Design (RWD) website.","JavaScript","buzz;canvas;game;html5;html5-css3-jquery;javascript;jquery;pacman-game;webapp","GPL-3.0","181","master","2019/6/20 20:17:00"
"zalando/elm-street-404","https://github.com/zalando/elm-street-404","http://zalando.github.io/elm-street-404/","http://zalando.github.io/elm-street-404/","A fun WebGL game built with Elm","Elm","elm;game;games;webgl","MIT","180","master","2019/4/10 9:04:40"
"minigdx/minigdx","https://github.com/minigdx/minigdx","https://minigdx.github.io/minigdx-showcase/","https://minigdx.github.io/minigdx-showcase/","Minimalist Game Framework using Kotlin Multiplatform","Kotlin","game;gamedev;glsl;multiplatform;opengl;showcases;webgl","MIT","174","master","2022/10/10 17:02:01"
"nicupavel/openpanzer","https://github.com/nicupavel/openpanzer","http://panzermarshal.com","http://panzermarshal.com","Javascript/HTML5 rewrite of Panzer General 2 game","JavaScript","browser-game;cross-platform;game;html5;openpanzer;panzergeneral;panzermarshal;strategy;turn-based","","171","master","2021/2/27 6:50:26"
"dwg255/fish","https://github.com/dwg255/fish","http://fish.blzz.shop","http://fish.blzz.shop","golang h5ÊçïÈ±ºÊ∏∏Êàè","Go","fish;game;go;golang;html5;websocket","","161","master","2023/2/14 14:50:02"
"mgerhardy/caveexpress","https://github.com/mgerhardy/caveexpress","http://www.caveproductions.org/","http://www.caveproductions.org/","CaveExpress is a classic 2D platformer with physics-based gameplay and dozens of levels. CavePacker is a Sokoban game.","C++","android;arcade;arcade-game;cmake;cpp;emscripten;game;html5;html5-game;ios;opensource","NOASSERTION","159","master","2025/6/28 4:46:00"
"jwill/html5-game-book","https://github.com/jwill/html5-game-book","http://amzn.to/HTML5-Game-Book","http://amzn.to/HTML5-Game-Book","Code Samples and Demos for ""Learning HTML5 Game Programming""","JavaScript","","","158","master","2021/10/1 10:05:25"
"Mati365/micro-racing","https://github.com/Mati365/micro-racing","","https://Mati365.github.io/micro-racing","üöó üèéÔ∏è üéÆ  A browser-based isometric racing game built with a custom WebGL 1.x engine. Features real-time multiplayer with client-side prediction, spatial optimizations via quad trees, and AI opponents powered by neural networks trained through genetic algorithms.","JavaScript","bezier;canvas;cars;es6;game;html5;multiplayer;neural-network;neural-networks;physics-engine;racing;racing-games;sockets;websockets","MIT","157","master","2024/8/5 5:13:10"
"makaroni4/guitar_bro","https://github.com/makaroni4/guitar_bro","https://makaroni4.github.io/guitar_bro/","https://makaroni4.github.io/guitar_bro/","Guitar Bro ‚Äì browser game that helps you learn notes on guitar","JavaScript","browser-game;fft;guitar","MIT","152","master","2018/3/15 20:10:53"
"a456pur/seraph","https://github.com/a456pur/seraph","https://seraph.reveriestudios.online/","https://seraph.reveriestudios.online/","an open source game website that hosts 500+ games with customisable settings, full rehosting support and a beautiful design","JavaScript","cool;game;games;hostinggames;html5;school;unblocked;unblocked-website;unblocked-websites;unblockedgames;website","GPL-3.0","148","main","2024/8/26 10:48:55"
"fjsantosb/Molecule","https://github.com/fjsantosb/Molecule","www.moleculejs.io","www.moleculejs.io","Html5 Game Framework to build cross-platform games on a fast and efficient way.","JavaScript","","MIT","148","master","2015/1/26 15:11:34"
"phoboslab/TwoPointFive","https://github.com/phoboslab/TwoPointFive",,"https://phoboslab.github.io/TwoPointFive","3D View Plugin for the Impact HTML5 Game Engine","JavaScript","","MIT","144","master","2019/5/3 14:28:03"
"w0rm/elm-mogee","https://github.com/w0rm/elm-mogee","https://unsoundscapes.itch.io/mogee","https://unsoundscapes.itch.io/mogee","A WebGL platformer that fits into 64x64px screen","Elm","elm;game;webgl","NOASSERTION","144","main","2021/2/6 15:43:59"
"SoftbearStudios/kiomet","https://github.com/SoftbearStudios/kiomet","https://kiomet.com","https://kiomet.com","Kiomet.com real-time strategy game (repository commits may lag behind game updates) ","Rust","browser-game;combat;game;game-server;multiplayer;real-time-strategy;rust;rust-lang;tower;web-game;webassembly;webgl;webgl-game;yew;yew-framework","AGPL-3.0","143","main","2025/9/10 2:21:14"
"endel/joy.js","https://github.com/endel/joy.js","http://endel.github.io/joy.js/api/","http://endel.github.io/joy.js/api/","A Joyful 2D HTML5 Game Engine.","JavaScript","","MIT","138","master","2019/1/16 22:16:36"
"geckosio/phaser3-multiplayer-game-example","https://github.com/geckosio/phaser3-multiplayer-game-example","","https://geckosio.github.io/phaser3-multiplayer-game-example","Phaser 3 multiplayer game example using geckos.io","JavaScript","game;html5;multiplayer;node;phaser3;webrtc","MIT","138","master","2022/12/21 21:27:37"
"zackproser/CanyonRunner","https://github.com/zackproser/CanyonRunner",,"https://zackproser.github.io/CanyonRunner","A complete HTML5 game using the Phaser framework. Playable, buildable, and published as a tutorial for other game developers.","JavaScript","","GPL-3.0","134","master","2019/2/28 18:46:31"
"RandomityGuy/MBHaxe","https://github.com/RandomityGuy/MBHaxe","","https://RandomityGuy.github.io/MBHaxe","An optimized port of Marble Blast Gold, Platinum and Ultra with 99% identical physics and cross platform multiplayer, runs on Windows, Mac, Web and Android! Written in Haxe!","Haxe","cross-platform;game;haxe;heaps;marble-blast;marble-game;multiplayer;webgl","MIT","133","master","2025/11/15 23:58:35"
"iceddev/frozen","https://github.com/iceddev/frozen","http://frozenjs.com","http://frozenjs.com","Frozen is an open-source HTML5 game engine delivering ease-of-use, rapid development through tooling and modularity.","JavaScript","","MIT","132","master","2018/12/28 23:17:53"
"andrewwoan/PSU-VR","https://github.com/andrewwoan/PSU-VR","https://psu-vr.herokuapp.com/","https://psu-vr.herokuapp.com/","A simple multiplayer game of The Pennsylvania State University","JavaScript","game;threejs;university;virtual-reality;vr;webgl","MIT","131","main","2025/10/9 22:51:27"
"ruben3d/retroflightsim","https://github.com/ruben3d/retroflightsim","https://ruben3d.github.io/retroflightsim/dist","https://ruben3d.github.io/retroflightsim/dist","Attempt to replicate the visuals of late 80s / early 90s flight simulators","TypeScript","3d;flightsim;game;retrogaming;threejs;typescript;web;webgl","MIT","127","main","2023/5/10 17:25:37"
"tidys/CocosCreatorForDeskApp","https://github.com/tidys/CocosCreatorForDeskApp",,"https://tidys.github.io/CocosCreatorForDeskApp","‰ΩøÁî®cocos creatorÂºÄÂèëÊ∏∏ÊàèÔºåÊâìÂåÖÊ°åÈù¢Â∫îÁî®Ëß£ÂÜ≥ÊñπÊ°à","JavaScript","cocos;cocos-creator;egret;electron;game;html5;laya;pack;steam;web","","117","master","2021/9/7 0:58:48"
"cameroncondry/cbc-kitten-scientists","https://github.com/cameroncondry/cbc-kitten-scientists","","https://cameroncondry.github.io/cbc-kitten-scientists","Add-on for the wonderful incremental browser game: http://kittensgame.com/web/","JavaScript","","MIT","115","master","2022/10/25 16:55:59"
"straker/galaxian-canvas-game","https://github.com/straker/galaxian-canvas-game",,"https://straker.github.io/galaxian-canvas-game","A Galaxian Style HTML5 Canvas Game. Hosts all the files for the five part tutorial series on http://blog.sklambert.com/galaxian-html5-game/.","JavaScript","","","114","master","2014/7/26 15:24:33"
"scottschiller/ArmorAlley","https://github.com/scottschiller/ArmorAlley","https://armor-alley.net/","https://armor-alley.net/","A browser-based interpretation of Armor Alley, a combat strategy game originally released in 1990 for the Macintosh and MS-DOS PCs.","JavaScript","css3;game;html5;html5-game;javascript-game;multiplayer-browser-game;network-game","NOASSERTION","112","master","2025/11/13 16:33:09"
"jaredkrinke/sic1","https://github.com/jaredkrinke/sic1","https://jaredkrinke.itch.io/sic-1","https://jaredkrinke.itch.io/sic-1","Single-instruction (subleq) programming game","TypeScript","esolang;esoteric-programming-languages;game;html5;oisc;programming-game;subleq;zachlike","NOASSERTION","111","master","2024/3/21 14:44:22"
"MageStudio/Mage","https://github.com/MageStudio/Mage","https://www.npmjs.com/package/mage-engine","https://www.npmjs.com/package/mage-engine","Mage is a 3D Game Engine, built on top of THREE.js. It features Unity-like scripting, AMMO.js powered physics workers, an Infernojs powered UI and a clean API. Under (very) active development.","JavaScript","3d;3d-game-engine;ammojs;game;game-development;game-engine;gamedev;gamejam;indiegame;infernojs;javascript;javascript-framework;javascript-game;mage;script;threejs;unity;unity-3d;unity3d;webgl","NOASSERTION","109","master","2025/7/7 23:01:27"
"emre-aki/raycast.js","https://github.com/emre-aki/raycast.js","","https://emre-aki.github.io/raycast.js","An advanced ray-caster engine written in JavaScript from scratch, with zero dependencies","JavaScript","canvas;canvas-game;game;html5;javascript;javascript-game;raycasting;raycasting-engine","GPL-3.0","108","master","2025/7/13 13:35:28"
"cmfcmf/Anno2018","https://github.com/cmfcmf/Anno2018","https://cmfcmf.github.io/Anno2018","https://cmfcmf.github.io/Anno2018","Rewriting Anno 1602 from scratch by using extracted assets from the original game.","TypeScript","anno;anno1602;game;isometric;pixijs;webgl","NOASSERTION","104","master","2024/8/10 0:45:29"
"Lallassu/badsanta","https://github.com/Lallassu/badsanta",,"https://Lallassu.github.io/badsanta","BadSanta - Multiplayer HTML5 Game (http://santa.qake.se)","JavaScript","2d-game;gamedev;indiedev;javascript-game;phaser;pixelart","MIT","103","master","2016/12/23 8:37:21"
"milsaware/javascript-roulette","https://github.com/milsaware/javascript-roulette","https://milsaware.github.io/javascript-roulette/","https://milsaware.github.io/javascript-roulette/","Fully functioning roulette game made in Javascript and CSS","JavaScript","css;dev;developer;game;game-development;games;html;html-css;html-css-javascript;html5;html5-game;indie;indiedev;indiegame;javascript;javascript-game;roulette;roulette-game;roulette-game-simulation","GPL-3.0","98","main","2023/10/17 14:09:30"
"deltakosh/MVA3DHTML5GameDev","https://github.com/deltakosh/MVA3DHTML5GameDev",,"https://deltakosh.github.io/MVA3DHTML5GameDev","Game Development Series - 3D HTML5 Game Development","JavaScript","","","97","master","2018/1/1 16:15:15"
"eliasku/13","https://github.com/eliasku/13","https://iioi.herokuapp.com/","https://iioi.herokuapp.com/","Fast-action P2P multiplayer game 13 (js13k-2022)","TypeScript","browser-game;game;javascript;js13k;js13kgames;js13kgames2022;multiplayer-game;typescript;webgl;webrtc","","96","master","2023/7/24 8:31:40"
"Mugen87/dive","https://github.com/Mugen87/dive","https://raw.githack.com/Mugen87/dive/master/app/index.html","https://raw.githack.com/Mugen87/dive/master/app/index.html","Shooter AI showcase with Yuka.","JavaScript","game;game-ai;webgl","MIT","95","master","2023/4/29 18:33:42"
"ModdingLinked/Viva-New-Vegas","https://github.com/ModdingLinked/Viva-New-Vegas","https://vivanewvegas.moddinglinked.com","https://vivanewvegas.moddinglinked.com","A comprehensive Fallout New Vegas modding guide.","HTML","css;css3;fallout;fallout-new-vegas;fallout-newvegas;fnv;game;guide;html;html-css;html-css-javascript;html5;modding;modding-tutorials;mods","MIT","95","main","2025/11/14 10:49:13"
"apoorvlathey/Crypto-Car-Battle","https://github.com/apoorvlathey/Crypto-Car-Battle","https://apoorvlathey.com/projects/crypto-car-battle","https://apoorvlathey.com/projects/crypto-car-battle","NFT (ERC721) based HTML5 game with Crypto Payouts to the Winner.","JavaScript","erc-721;ethereum;game;html5;nft;phaser","","94","master","2021/7/26 8:07:49"
"space2pacman/elpy","https://github.com/space2pacman/elpy","https://space2pacman-misc.github.io/elpy-examples/docs/","https://space2pacman-misc.github.io/elpy-examples/docs/","2D JavaScript game engine.","JavaScript","2d;2d-game;2d-game-engine;canvas;game;game-2d;game-development;game-engine;game-engine-2d;gamedev;games;html5;html5-game-development;javascript","MIT","87","master","2024/12/18 17:34:31"
"ffalt/mah","https://github.com/ffalt/mah","https://ffalt.github.io/mah/","https://ffalt.github.io/mah/","a html5 mahjong solitaire game","TypeScript","angular;game;html5;mahjong;pwa;svg","MIT","87","main","2025/11/15 18:50:15"
"Mugen87/nier","https://github.com/Mugen87/nier","https://raw.githack.com/Mugen87/nier/master/app/index.html","https://raw.githack.com/Mugen87/nier/master/app/index.html","The hacking game from NieR: Automata.","JavaScript","game;game-ai;webgl","MIT","86","master","2022/4/12 8:20:41"
"gamedev-js/gamedev-js","https://github.com/gamedev-js/gamedev-js","","https://gamedev-js.github.io/gamedev-js","Game Development in Javascript",,"game;game-development;game-engine;javascript;webgl","MIT","84","master","2018/4/16 3:38:42"
"LadybugRiders/LREditor","https://github.com/LadybugRiders/LREditor",,"https://LadybugRiders.github.io/LREditor","HTML5 Game Editor (using Phaser)","JavaScript","","","84","master","2015/4/16 15:14:16"
"EvanBacon/Sunset-Cyberspace","https://github.com/EvanBacon/Sunset-Cyberspace","","https://EvanBacon.github.io/Sunset-Cyberspace","üéÆüëæRetro-runner Game made in Expo, Three.js, OpenGL, WebGL, Tween. üïπ","JavaScript","android;expo;game;ios;opengl;preview-gif;react-native;reactjs;retrowave-game;runner-game;simple-game;sunset-cyberspace;threejs;tutorial;tween;webgl;webgl2","","83","master","2021/8/11 4:18:33"
"tlmader/theodoric","https://github.com/tlmader/theodoric","http://tlmader.github.io/theodoric/","http://tlmader.github.io/theodoric/","A 2D top-down ""action RPG"" built with the Phaser HTML5 game framework","JavaScript","game-development;javascript;phaserjs","","83","master","2023/10/16 16:50:46"
"serprex/openEtG","https://github.com/serprex/openEtG","https://etg.dek.im","https://etg.dek.im",,"Rust","ccg;game;html5","MIT","80","master","2025/11/15 16:01:06"
"jerrychan7/WebMC","https://github.com/jerrychan7/WebMC","https://jerrychan7.github.io/WebMC/","https://jerrychan7.github.io/WebMC/","A web version of Minecraft built using js and WebGL without third-party libraries.","JavaScript","3d-game;browser;browser-minecraft;game;javascript;minecraft-web;voxel;voxel-game;voxel-terrain;web;web-component;web-minecraft;webgl","","80","master","2024/5/25 6:14:17"
"selenite-cc/selenite-old","https://github.com/selenite-cc/selenite-old","https://selenite.cc","https://selenite.cc","an opensource unblocked games website, dedicated to hosting games and unblocked content.","HTML","3kh0;css;flash;game;games;html;html5;j;javascript;js;opensource;proxy;unblocked;unity;webgl;website","GPL-3.0","80","main","2024/1/23 2:28:49"
"rparrett/taipo","https://github.com/rparrett/taipo","https://euclidean-whale.itch.io/taipo","https://euclidean-whale.itch.io/taipo","A Typing Tower Defense Game for learning Japanese","Rust","bevy;browser-game;game;rust;web-game;webgl;webgl2","NOASSERTION","79","main","2025/5/30 23:47:27"
"fredsa/gritsgame","https://github.com/fredsa/gritsgame","","https://fredsa.github.io/gritsgame","GRITS is a cross-functional effort to create a boilerplate codebase to provide to HTML5 game developers that are looking to get started using Google's technology stack","JavaScript","","NOASSERTION","78","master","2017/1/4 10:45:04"
"straker/endless-runner-html5-game","https://github.com/straker/endless-runner-html5-game","","https://straker.github.io/endless-runner-html5-game","An Endless Runner Style HTML5 Canvas Game. Hosts all the files for the two part tutorial series on http://blog.sklambert.com/endless-runner-html5-game/.","JavaScript","","","78","master","2020/12/16 0:07:16"
"photonstorm/lazer","https://github.com/photonstorm/lazer","http://lazerjs.io","http://lazerjs.io","A fun, fast and free HTML5 Game Framework for the next generation of browser gaming","JavaScript","","MIT","78","master","2017/11/5 15:17:31"
"JuniorTour/es6-mario","https://github.com/JuniorTour/es6-mario","","https://JuniorTour.github.io/es6-mario","üéÆ A web game made by ES6 syntax and HTML5 Canvas.","JavaScript","canvas;es6;game;html5;javascript;mario;webpack","","77","master","2022/11/19 10:09:19"
"hulang1024/online-chess","https://github.com/hulang1024/online-chess","http://120.27.138.202/","http://120.27.138.202/","Chess game website client and server.","TypeScript","chess;chinese-chess;client;game;gobang;gobang-game;html5;java;netty;server;spring;typescript;vue;web;websocket","MIT","76","master","2025/7/27 9:43:34"
"Ojaswy/Blastar","https://github.com/Ojaswy/Blastar","https://ojaswy.github.io/Blastar/","https://ojaswy.github.io/Blastar/","Blastar is the game created by Elon Musk. ","HTML","blastar;css;elonmusk;game;html-css;html5;html5-game","GPL-3.0","74","master","2024/4/20 17:07:59"
"Steve245270533/character-simulator","https://github.com/Steve245270533/character-simulator","https://steve245270533.github.io/character-simulator/","https://steve245270533.github.io/character-simulator/","Character Simulator(Walk Simulator) is inspired by digital pavilions and third-person games, and is developed based on the ""gallery"". The technology stack uses Vue3+TypeScript+Vite","TypeScript","game;threejs;webgl","GPL-3.0","73","master","2025/5/25 11:37:23"
"mrgriscom/minesweepr","https://github.com/mrgriscom/minesweepr","http://mrgris.com/projects/minesweepr/demo/player/","http://mrgris.com/projects/minesweepr/demo/player/","a minesweeper solver and html5 game client","JavaScript","","Apache-2.0","72","master","2021/9/19 10:51:10"
"James-Frowen/SimpleWebTransport","https://github.com/James-Frowen/SimpleWebTransport","","https://James-Frowen.github.io/SimpleWebTransport","WebSocket Server and client for unity designed for Mirror Networking","C#","csharp;game;mirror;mirror-networking;networking;networktransport;unity;unity3d;webgl;websocket;websocket-client;websocket-server","MIT","72","master","2025/9/27 13:53:58"
"midopooler/Portfolio2.0","https://github.com/midopooler/Portfolio2.0","https://pulkitmidha.com/","https://pulkitmidha.com/","A whole new way of presenting a developer's portfolio. ","C#","3d-game;c-sharp;car-game;game;game-development;hacktoberfest;hacktoberfest2021;portfolio-website;unity3d;webgl","MIT","72","main","2025/1/5 19:57:27"
"GardensOfKadesh/Homeworld","https://github.com/GardensOfKadesh/Homeworld","","https://GardensOfKadesh.github.io/Homeworld","Gardens of Kadesh: A WebAssembly port of Homeworld.","C","emscripten;game;game-development;game-engine;opengl;webassembly;webgl","NOASSERTION","72","master-tenhauser","2025/9/28 21:31:27"
"fkitsantas/Horse-Racing-Game-JavaScript","https://github.com/fkitsantas/Horse-Racing-Game-JavaScript","https://fkitsantas.github.io/Horse-Racing-Game-JavaScript/","https://fkitsantas.github.io/Horse-Racing-Game-JavaScript/","An engaging and interactive Horse Racing Game, created using JavaScript.","CSS","css3;css3-animations;gambling;gambling-game;game;game-2d;game-development;horse;horse-racing;horserace;horses;html5;html5-game;javascript","GPL-3.0","68","master","2023/10/15 13:41:38"
"Druidman/minecraft-clone-opengl","https://github.com/Druidman/minecraft-clone-opengl","https://minecraftplus.vercel.app","https://minecraftplus.vercel.app","Minecraft game clone written in c++","C++","3d;game;game-engine;opengl;voxel-engine;webgl","","68","main","2025/9/30 21:17:47"
"vidio-boy/Eaglercraft1.5.2","https://github.com/vidio-boy/Eaglercraft1.5.2","","https://vidio-boy.github.io/Eaglercraft1.5.2","Eaglercraft javascript runtime. Multiplayer, singleplayer, and LAN worlds available. Customizable profile, skins, capes, and controls. Game modes including creative, survival, peaceful, and more! Villages, mine shafts, dungeons, caves, ravines, many different biomes, and other things can spawn. The Nether and End are also available.","HTML","browser;eaglercraft;game;github;html;html5;javascript;minecraft","MIT","67","main","2024/8/16 22:14:48"
"jcd-as/nadion","https://github.com/jcd-as/nadion",,"https://jcd-as.github.io/nadion","An add-on to the Phaser HTML5 game framework","JavaScript","","MIT","65","master","2014/2/12 18:31:07"
"maechler/kurve","https://github.com/maechler/kurve","https://achtungkurve.com","https://achtungkurve.com","Achtung, die Kurve goes HTML5","JavaScript","achtung;achtung-die-kurve;achtungkurve;arcade;arcade-game;game;html5;javascript;kurve;opensource-game;zatacka","GPL-3.0","65","main","2024/10/15 8:04:38"
"speps/tt","https://github.com/speps/tt","https://torustrooper.xyz","https://torustrooper.xyz","Torus Trooper - reboot of the original shooter game by Kenta Cho (circa 2004)","C","d;game;shooter;webassembly;webgl","","65","master","2021/1/4 0:04:43"
"w0rm/elm-cubik","https://github.com/w0rm/elm-cubik","https://unsoundscapes.itch.io/cubik","https://unsoundscapes.itch.io/cubik","Rubik's cube puzzle in the Elm language","Elm","elm;game;rubik-cube;rubik-cube-puzzle;webgl","","65","main","2021/2/6 15:43:46"
"aduros/hydra","https://github.com/aduros/hydra","","https://aduros.github.io/hydra","An HTML5 game engine for the many faces of mobile WebKit.","JavaScript","","MIT","64","master","2013/11/6 5:11:04"
"dmcinnes/dead-valley","https://github.com/dmcinnes/dead-valley","http://www.deadvalleygame.com","http://www.deadvalleygame.com","HTML5 Grand Theft Auto style Zombie Survival Game","JavaScript","dead-valley;game;grand-theft-auto;html5;html5-game;javascript;top-down-shooter;zombie-apocalypse;zombie-survival-shooter;zombies","","64","master","2023/12/19 20:26:14"
"Crazy-Marvin/EllaTheGame","https://github.com/Crazy-Marvin/EllaTheGame","https://crazymarvin.com/ella/","https://crazymarvin.com/ella/","Ella - The Game","C#","ella;endless-runner;game;hacktoberfest;runner;runner-game;unity;webgl","MIT","63","development","2025/9/19 10:40:14"
"FlorianRappl/Mario5TS","https://github.com/FlorianRappl/Mario5TS",,"https://FlorianRappl.github.io/Mario5TS","The TypeScript version of the Mario5 demo application.","TypeScript","codeproject;game;html5;mario;tutorial;typescript","MIT","61","master","2019/11/17 22:16:45"
"Abacus/Abacus","https://github.com/Abacus/Abacus","http://abacus.github.com","http://abacus.github.com","Open Source HTML5 Game Framework","JavaScript","","NOASSERTION","61","master","2017/4/16 21:39:30"
"gonnavis/annihilate","https://github.com/gonnavis/annihilate","https://raw.githack.com/gonnavis/annihilate/dev/index.html","https://raw.githack.com/gonnavis/annihilate/dev/index.html","js action game","JavaScript","action-game;cannonjs;ecsy;game;javascript;state-machine;threejs;webgl;xstate","MIT","61","dev","2023/1/4 14:50:30"
"vidio-boy/Eaglercraft1.8.8","https://github.com/vidio-boy/Eaglercraft1.8.8","","https://vidio-boy.github.io/Eaglercraft1.8.8","Eaglercraft 1.8.8 javascript runtime. Multiplayer worlds available. Customizable profile, skins, settings, and controls. Game modes including creative, survival, peaceful, and more! Villages, mine shafts, dungeons, caves, ravines, many different biomes, and other things can spawn. The Nether and End are also available. ","HTML","browser;eaglercraft;eaglercraftx;fixed;game;github;html;html5;javascript;minecraft","MIT","59","main","2024/5/23 17:12:34"
"Wappworks/yaak.js","https://github.com/Wappworks/yaak.js","http://wappworks.github.com/yaak.js/","http://wappworks.github.com/yaak.js/","Yaak.js (Yet Another Audio Kit) is an Open Source HTML5 game audio system for web browsers and native HTML5 app accelerator platforms such as CocoonJs and AppMobi. The library is distributed under the FreeBSD license","JavaScript","","NOASSERTION","56","master","2012/10/31 23:18:18"
"jalbam/CrossBrowdy","https://github.com/jalbam/CrossBrowdy","https://crossbrowdy.com/","https://crossbrowdy.com/","Multimedia JavaScript framework","JavaScript","api;apis;development;framework;game;game-development;game-engine;gamedev;gamedev-framework;gamedev-library;gamedevelopment;games;html5;html5-game-development;javascript;javascript-framework;javascript-library;js;multimedia-javascript-framework;multimedia-library","NOASSERTION","56","master","2024/8/12 19:55:10"
"milsaware/wordled","https://github.com/milsaware/wordled","https://milsaware.github.io/wordled/","https://milsaware.github.io/wordled/","A Wordle based game made in Javascript","JavaScript","css;dev;developer;game;game-development;gamedev;games;html;html-css;html-css-javascript;html5;html5-game;indie;indiedev;indiegame;javascript;javascript-game;wordle","GPL-3.0","55","main","2022/7/4 14:41:15"
"chavi362/Icy-Tower","https://github.com/chavi362/Icy-Tower","","https://chavi362.github.io/Icy-Tower","An interactive Icy Tower Game built with Java Script, html, and CSS. Let's come to contribute or play!","JavaScript","begginer-friendly;canvas-game;css;game;game-development;games;gamification;good-first-issue;help-wanted;html-css-javascript;html5;icy-tower;icy-tower-game;interactive;java-script","NOASSERTION","55","main","2024/5/16 18:55:38"
"chaping/flappy-bird","https://github.com/chaping/flappy-bird",,"https://chaping.github.io/flappy-bird","a html5 game developed with phaser","JavaScript","","","55","master","2022/9/23 11:14:34"
"abcxff/diepindepth","https://github.com/abcxff/diepindepth","","https://abcxff.github.io/diepindepth","Collection of protocol, memory, and other information for the browser game diepio","JavaScript","diep;diepio;memory;protocol;wasm;webassembly","Apache-2.0","52","main","2023/5/1 23:07:23"
"PubNubDevelopers/Ninja-Multiplayer-Platformer","https://github.com/PubNubDevelopers/Ninja-Multiplayer-Platformer","","https://PubNubDevelopers.github.io/Ninja-Multiplayer-Platformer","A real time multiplayer game using PubNub & Phaser's HTML5 game engine","JavaScript","","","51","master","2022/12/7 17:54:37"
"akon47/shoot_game","https://github.com/akon47/shoot_game","https://shootgame.kimhwan.kr/","https://shootgame.kimhwan.kr/","üéÆ It is a game using HTML5 Canvas and Vanilla JavaScript.","JavaScript","canvas;game;html5;javascript;shooter-game;vanilla-javascript;websocket","MIT","48","master","2023/10/30 15:55:05"
"NicklessOne/inks2d","https://github.com/NicklessOne/inks2d","https://inkasadev.github.io/inks2d/","https://inkasadev.github.io/inks2d/","A free no-dependency Typescript game engine designed for developing 2D games","TypeScript","2d;canvas;game;game-development;game-frameworks;gamedev;html5;html5-game-development;inks2d;javascript;physics;tweens;typescript","MIT","48","main","2023/8/23 23:27:49"
"danialdezfouli/spacecraft-game","https://github.com/danialdezfouli/spacecraft-game","https://spacecraft.vercel.app","https://spacecraft.vercel.app","Amazing Spacecraft - Vanilla JS browser game","JavaScript","browser-game;canvas;canvas-game;css;html;vanilla-js;web-game","","47","master","2022/2/6 21:30:01"
"DinoDevs/GladiatusCrazyAddon","https://github.com/DinoDevs/GladiatusCrazyAddon","https://gladiatus.dinodevs.com","https://gladiatus.dinodevs.com","A browser addon for the Gladiatus browser game.","JavaScript","addon;browser-addon;browser-extension;browser-game;chrome-extension;edge-extension;extension;firefox-addon;gladiatus-game-addon;opera-extension","GPL-3.0","47","master","2025/11/12 20:15:36"
"Janekk/Battleships","https://github.com/Janekk/Battleships","http://battleships.mobi/","http://battleships.mobi/","Battleships html5 game","JavaScript","","GPL-2.0","47","master","2015/5/3 17:25:23"
"hlorenzi/galaxy","https://github.com/hlorenzi/galaxy","","https://hlorenzi.github.io/galaxy","üåé A 3D Super Mario Galaxy-esque orbital-gravity platformer prototype in WebGL! https://hlorenzi.github.io/galaxy/","JavaScript","360;galaxy;game;gravity;html5;javascript;javascript-game;mario;mario-galaxy;orbit;orbital;platform;platformer;webgl","","46","master","2025/10/24 15:48:20"
"wimpysworld/little-spy","https://github.com/wimpysworld/little-spy","https://wimpress.itch.io/little-spy","https://wimpress.itch.io/little-spy","Airdrop into an enemy stronghold, recover stolen intelligence and technology. Fight your way out! üéÆ","GDScript","game;game-development;godot;html5;linux;pixel-art;platformer;reto;windows","MIT","45","main","2022/8/31 10:54:36"
"abdoutech19/hangman-game","https://github.com/abdoutech19/hangman-game","http://www.hangman-js.epizy.com/","http://www.hangman-js.epizy.com/","A responsive hangman game built with vanilla javascript, html, and css. Animated with GSAP and canvas animations.","JavaScript","animation;asynchronous-programming;canvas;canvas-game;css;css-grid;css3;flexbox;game;gsap;hangman;hangman-game;html;html5;illustrator;javascript;javascript-game;promise;rope-string;word-guessing-game","MIT","45","main","2024/5/18 14:15:57"
"plinko-team/plinko","https://github.com/plinko-team/plinko","http://plinkojs.com/","http://plinkojs.com/","A networked, real-time, multiplayer browser game built with Node.js, React, and WebSockets.","JavaScript","","","44","master","2018/10/15 1:43:10"
"sjbrown/togetherness","https://github.com/sjbrown/togetherness","","https://sjbrown.github.io/togetherness","A virtual and üïäliberatedüïä tabletop.  Make, play, and share your tabletop games with dice, cards, tokens, and more.","JavaScript","game;html5;multiplayer;role-playing-game;virtual-tabletop;vtt","AGPL-3.0","44","master","2025/6/27 0:39:21"
"omgimanerd/how-to-build-a-multiplayer-browser-game","https://github.com/omgimanerd/how-to-build-a-multiplayer-browser-game","https://medium.com/@omgimanerd/how-to-build-a-multiplayer-browser-game-4a793818c29b#.mea2a1qc6","https://medium.com/@omgimanerd/how-to-build-a-multiplayer-browser-game-4a793818c29b#.mea2a1qc6","A minimal implementation of a multiplayer game's architecture","JavaScript","","","43","master","2016/12/23 0:19:05"
"Chrinkus/squares","https://github.com/Chrinkus/squares","https://chrinkus.github.io/squares/","https://chrinkus.github.io/squares/","An artless browser game written in pure JavaScript. With seriously no art.","JavaScript","","MIT","43","master","2021/11/16 20:41:52"
"kikito/luv.js","https://github.com/kikito/luv.js","http://kikito.github.io/luv.js/","http://kikito.github.io/luv.js/","Minimal HTML5 game development lib","JavaScript","deprecated;javascript;unmaintained","MIT","43","master","2018/3/11 23:41:53"
"MikeCheng1208/Html5GameLiveExample","https://github.com/MikeCheng1208/Html5GameLiveExample",,"https://MikeCheng1208.github.io/Html5GameLiveExample","Html5 Game : Createjs Ë£Ω‰ΩúÂêÉÈáëÂπ£ÈÅäÊà≤","JavaScript","","","40","master","2018/8/27 0:13:30"
"aeneasr/stargazer","https://github.com/aeneasr/stargazer","http://aeneasr.github.io/stargazer/app","http://aeneasr.github.io/stargazer/app","An endless runner browser-game with an original sound track. What's your high score?","JavaScript","","GPL-2.0","39","master","2018/10/9 19:11:40"
"lexjacobs/apple-falls-jquery","https://github.com/lexjacobs/apple-falls-jquery","http://applefalls.azurewebsites.net/","http://applefalls.azurewebsites.net/","Infinite scrolling browser game.","JavaScript","","","38","master","2016/1/3 2:28:17"
"aeonofdiscord/squarepig","https://github.com/aeonofdiscord/squarepig","","https://aeonofdiscord.github.io/squarepig","A simple HTML5 game engine","JavaScript","","NOASSERTION","38","master","2015/6/29 18:12:56"
"naoxink/devlife","https://github.com/naoxink/devlife","http://naoxink.epizy.com","http://naoxink.epizy.com","Web browser game in JS","JavaScript","developer;game;incremental-game;intervals;javascript;timers;web;webbrowser","MIT","36","master","2024/1/16 13:08:37"
"bbc/childrens-games-starter-pack","https://github.com/bbc/childrens-games-starter-pack","","https://bbc.github.io/childrens-games-starter-pack","This is the Starter Pack for Children's games, containing everything a games developer might need to start building an HTML5 game for Children's BBC. Every game should be forked into a new repository from this repo.","JavaScript","","","36","master","2024/6/28 9:52:27"
"flaki/clouduboy","https://github.com/flaki/clouduboy","http://twitter.com/clouduboy","http://twitter.com/clouduboy","In-browser game editor for the web & microcontrollers","JavaScript","","MIT","35","master","2018/1/26 0:34:19"
"mikaturunen/phaser-examples-typescript","https://github.com/mikaturunen/phaser-examples-typescript","","https://mikaturunen.github.io/phaser-examples-typescript","Typescript versions of hundreds of source code examples and related media for the Phaser HTML5 Game Framework","JavaScript","","","33","master","2015/12/19 19:24:29"
"roboshoes/marblerun","https://github.com/roboshoes/marblerun","http://www.marblerun.at","http://www.marblerun.at","A JavaScript and HTML5 based social browser game.","JavaScript","","MIT","32","master","2023/8/19 0:27:17"
"SkanerSoft/j2Ds","https://github.com/SkanerSoft/j2Ds","http://j2ds.ru","http://j2ds.ru","J2ds - is HTML5 Game Engine (All platforms)","JavaScript","","","32","master","2017/9/30 14:53:45"
"HTML5-Games/html5-games.github.io","https://github.com/HTML5-Games/html5-games.github.io","html5-games.github.io","html5-games.github.io","A website for the HTML5 Game Development group on Codecademy","JavaScript","","","32","master","2020/10/1 6:04:48"
"williammalone/Sweet-HTML5-Game","https://github.com/williammalone/Sweet-HTML5-Game","wmalone.com/sweetgame","wmalone.com/sweetgame","How to make a sweet HTML5 game","JavaScript","","","32","master","2014/9/24 2:35:16"
"logan-r/vilify","https://github.com/logan-r/vilify","http://logan-r.github.io/vilify/","http://logan-r.github.io/vilify/","Unleash Your Inner Mad Scientist and Destroy the World (with Ice Cream) in this Open Source HTML5 Game","JavaScript","","GPL-3.0","32","master","2015/4/24 3:42:05"
"joemaddalone/game","https://github.com/joemaddalone/game","http://www.htmlstack.com/triangle","http://www.htmlstack.com/triangle","HTML5 game","JavaScript","","","30","master","2011/3/25 16:35:57"
"martinwells/playcraftengine","https://github.com/martinwells/playcraftengine","playcraftlabs.com","playcraftlabs.com","An HTML5 game engine","JavaScript","","","29","master","2014/7/18 1:46:34"
"yegor256/jo","https://github.com/yegor256/jo","https://yegor256.github.io/jo/","https://yegor256.github.io/jo/","Junior Objects: JavaScript examples that are the ""Space Invaders"" in-browser game","JavaScript","game;html;html-game;javascript;object-oriented-programming","MIT","26","master","2025/11/14 3:03:18"
"lukefisklennon/tanksmith.io","https://github.com/lukefisklennon/tanksmith.io","http://tanksmith.io","http://tanksmith.io","Multiplayer browser game created in 2018 (2+ million players so far)","JavaScript","","","25","master","2023/7/11 14:25:06"
"christophmark/pendulum","https://github.com/christophmark/pendulum","https://christophmark.github.io/pendulum/pendulum/index.html","https://christophmark.github.io/pendulum/pendulum/index.html","A physics-inspired 2D browser game for both mobile and desktop that involves an alien swinging from a rope to avoid obstacles in randomly generated, fully destructible levels.","JavaScript","2d-game;browser-game;destrucible-terrain;game;html5-game;javascript;mobile-game;perlin-noise;phaser-game;phaserjs;physics-2d;python;random-generation","NOASSERTION","24","master","2017/5/25 20:25:44"
"BlackAsLight/DocScripts","https://github.com/BlackAsLight/DocScripts","","https://BlackAsLight.github.io/DocScripts","Quality of Life Scripts created and maintained, by Doctor, for a web browser game called Politics and War. Available on all Major platforms.","JavaScript","javascript;politicsandwar;tampermonkey;userscript","MIT","23","main","2025/7/29 10:06:39"
"mshsheikh/The-Adventure-Bee","https://github.com/mshsheikh/The-Adventure-Bee","https://tab-mshsheikh.vercel.app","https://tab-mshsheikh.vercel.app","""The Adventure Bee üêù"" is now LIVE! Play Now to safe your bee from obstacles, score big, and enjoy this charming desktop browser game.","JavaScript","","","22","main","2025/2/20 2:29:02"
"RyanBranco/Checkers","https://github.com/RyanBranco/Checkers",,"https://RyanBranco.github.io/Checkers","Checkers browser game","JavaScript","","","20","master","2021/7/19 6:59:41"
"MCarlomagno/CarDrivingResNet","https://github.com/MCarlomagno/CarDrivingResNet","https://mcarlomagno.github.io/CarDrivingResNet/","https://mcarlomagno.github.io/CarDrivingResNet/","üöó Browser game where a vehicle is driven through the camera using the ResNet model (Residual Network) to estimate the position of the hands.","JavaScript","css;html;javascript;machine-learning;posenet;residual-network;resnet-model;tensorflow;tensorflowjs;vehicle","BSD-3-Clause","20","master","2020/10/22 22:15:52"
"ygdanchoi/atari-tempest","https://github.com/ygdanchoi/atari-tempest","","https://ygdanchoi.github.io/atari-tempest","Browser game inspired by the classic 1981 arcade shooter. JavaScript, Canvas.","JavaScript","","","18","master","2018/10/11 2:22:50"
"rithmschool/guess-the-password-assignment","https://github.com/rithmschool/guess-the-password-assignment",,"https://rithmschool.github.io/guess-the-password-assignment","Simple browser game with an ES2015 refactor","JavaScript","es2015;es6;javascript;jquery","","18","master","2020/4/29 10:12:42"
"jeremiahkellick/portalroyale","https://github.com/jeremiahkellick/portalroyale",,"https://jeremiahkellick.github.io/portalroyale","A multiplayer browser game using Socket.IO, Express, and Canvas","JavaScript","","MIT","17","master","2023/1/26 10:24:43"
"AI21Labs/Rick-and-Morty-episode-generator","https://github.com/AI21Labs/Rick-and-Morty-episode-generator","","https://AI21Labs.github.io/Rick-and-Morty-episode-generator","An interactive one-pager browser game, primarily built with React.js. It makes use of the state-of-the-art Jurassic-2 language models to generate made-up episodes of the popular animated science fiction TV show Rick and Morty.","JavaScript","","MIT","17","main","2023/9/13 7:42:41"
"justinthec/agar.io-key-movement","https://github.com/justinthec/agar.io-key-movement","","https://justinthec.github.io/agar.io-key-movement","Hack to allow arrow key movement for the popular browser game http://agar.io","JavaScript","","","17","master","2015/5/13 13:45:07"
"jackytea/webgl-render","https://github.com/jackytea/webgl-render","https://webgl-render.netlify.app/","https://webgl-render.netlify.app/","üî´ 3D FPS browser game.","JavaScript","3d;threejs;webgl","AGPL-3.0","17","master","2024/9/18 23:48:30"
"RichtersFinger/yate","https://github.com/RichtersFinger/yate","","https://RichtersFinger.github.io/yate","""Yet Another Tabletop Experience"" - Tabletop Browser Game Engine","JavaScript","browser;game-engine;nodejs;tabletop","MIT","17","master","2024/12/24 10:29:37"
"JohannesHoppe/SolarTournament","https://github.com/JohannesHoppe/SolarTournament","","https://JohannesHoppe.github.io/SolarTournament","3D-Browser Game, Space-Shooter, Multiplayer, Open-Source, 100% WebGL","JavaScript","copperlicht;game;javascript;webgl","","16","master","2018/2/22 12:48:00"
"ddVital/dino-game","https://github.com/ddVital/dino-game","https://ddvital-dinogame.herokuapp.com/","https://ddvital-dinogame.herokuapp.com/","The Dinosaur Game (also known as the Chrome Dino) is a browser game developed by Google and built into the Google Chrome web browser. The player guides a pixelated Tyrannosaurus rex across a side-scrolling landscape, avoiding obstacles to achieve a higher score.","JavaScript","beginner-project;chrome;dinosaur-game;game-development;javascript-game","MIT","16","main","2022/6/3 15:53:34"
"tapio/darkcorners","https://github.com/tapio/darkcorners","http://tapio.github.com/darkcorners/","http://tapio.github.com/darkcorners/","First-person 3D browser game prototype.","JavaScript","","NOASSERTION","14","master","2023/9/13 17:46:26"
"Lolispo/pkmn_auto_chess","https://github.com/Lolispo/pkmn_auto_chess","http://ec2-34-242-6-9.eu-west-1.compute.amazonaws.com:3000/","http://ec2-34-242-6-9.eu-west-1.compute.amazonaws.com:3000/","Multiplayer Browser game made with React and NodeJS","JavaScript","","","14","master","2024/4/28 18:02:37"
"ksalehi/PianoHero","https://github.com/ksalehi/PianoHero","https://ksalehi.github.io/PianoHero","https://ksalehi.github.io/PianoHero","Browser game inspired by Guitar Hero","JavaScript","","","13","gh-pages","2016/8/8 3:29:50"
"jneums/basic-fantasy-rpg","https://github.com/jneums/basic-fantasy-rpg","","https://jneums.github.io/basic-fantasy-rpg","Open source, top-down, 16-bit, mmorpg, browser-game, using Phaser3.","JavaScript","es6;game-development;game2d;html5-game;javascript;mmorpg;phaser3;rpg","","12","master","2019/4/6 3:23:00"
"IonMateus/poliguard","https://github.com/IonMateus/poliguard","https://ionmateus.github.io/poliguard/","https://ionmateus.github.io/poliguard/","PoliGuard is an RTS tower defense browser game. Fully open to contributions! üè∞üüß","JavaScript","contribution;contributions-welcome;game;good-first-issue;js;open-source;rts;tower-defense;web","MIT","12","main","2025/9/19 23:24:47"
"saschagehlich/fitit","https://github.com/saschagehlich/fitit","http://fititgame.com","http://fititgame.com","A HTML5 browser game based on the board game 'Ubongo'","JavaScript","","","12","master","2012/5/2 20:43:43"
"denishrana09/nft-browser-game","https://github.com/denishrana09/nft-browser-game","https://denish-nft-game.netlify.app/","https://denish-nft-game.netlify.app/","Buildspace's project - Create your own mini turn-based NFT browser game","JavaScript","buildspace;nft;nft-browser-game;nft-game","MIT","12","main","2021/11/7 10:44:17"
"meshde/tower-stack-game","https://github.com/meshde/tower-stack-game","https://tower.meshde.tech/","https://tower.meshde.tech/","A browser game created using Three.js","JavaScript","threejs","MIT","11","master","2022/12/2 21:39:15"
"ScriptRaccoon/mahjong-solitaire","https://github.com/ScriptRaccoon/mahjong-solitaire","https://mahjong-solitaire.netlify.app/","https://mahjong-solitaire.netlify.app/","Mahjong solitaire as a browser game","JavaScript","","MIT","11","master","2024/1/26 1:33:43"
"masonanders/Wormhole","https://github.com/masonanders/Wormhole","https://masonanders.github.io/Wormhole/","https://masonanders.github.io/Wormhole/","Browser game built in JavaScript and rendered with HTML5 Canvas","JavaScript","","","11","master","2018/10/29 16:48:07"
"webDva/3d-multiplayer-browser-game","https://github.com/webDva/3d-multiplayer-browser-game",,"https://webDva.github.io/3d-multiplayer-browser-game","3D Multiplayer Browser Game","JavaScript","3d-game;3d-multiplayer-games;babylonjs;game;multiplayer;multiplayer-browser-game;video-game;websocket","","11","master","2023/3/3 11:36:40"
"willurd/bitburner-scripts","https://github.com/willurd/bitburner-scripts","","https://willurd.github.io/bitburner-scripts","Files and scripts for the browser game Bitburner","JavaScript","bitburner;javascript","MIT","11","master","2024/3/29 19:02:15"
"Antonio-R1/racing-js","https://github.com/Antonio-R1/racing-js","https://antonio-r1.github.io/racing-js/","https://antonio-r1.github.io/racing-js/","a 3D browser game","JavaScript","airplane;ammojs;car;html5;html5-game;javascript;racing-game;three-js","AGPL-3.0","10","main","2022/11/17 19:35:28"
"logsol/chuck.js","https://github.com/logsol/chuck.js","http://chuck-game.tumblr.com","http://chuck-game.tumblr.com"," A fantastic multiplayer action browser game","JavaScript","","","10","master","2025/7/18 22:35:33"
"sweriko/westwelt-v0","https://github.com/sweriko/westwelt-v0","","https://sweriko.github.io/westwelt-v0","my first ever browser game","JavaScript","","AGPL-3.0","10","main","2025/6/21 10:14:16"
"samlaubscher/Stellar-Drift-Game-M2","https://github.com/samlaubscher/Stellar-Drift-Game-M2","https://samlaubscher.github.io/Stellar-Drift-Game-M2/","https://samlaubscher.github.io/Stellar-Drift-Game-M2/","An interactive and challenging 3D space themed mini browser game, built using vanilla JavaScript!","JavaScript","browser-game;canvas-animation;canvas-game;javascript-game;mini-game;space-game","","10","master","2020/8/28 10:30:43"
"invincible-elevator/sumo-chicken","https://github.com/invincible-elevator/sumo-chicken",,"https://invincible-elevator.github.io/sumo-chicken","Sumo Chicken - a multiplayer browser game built with Phaser.io","JavaScript","","","9","master","2015/8/18 2:03:39"
